,Ex_Blue_Mean,Ex_Green_Mean,Ex_Red_Mean,Hedge_Mean,Hedge_SD,Hue_Mean,Intensity_Mean,Raw_Blue_Mean,Raw_Green_Mean,Raw_Red_Mean,Region_Centroid_Col,Region_Centroid_Row,Saturation_Mean,Short_Line_Density_2,Short_Line_Density_5,Value_Mean,Vedge_Mean,Vedge_SD,Class,classification
10,-1.0946736962369483,0.2980226095772413,1.4930215248638892,-0.41538357526313907,-0.11566177123023452,0.4934299444483668,-0.8574846878768353,-0.9134029613602352,-0.8654763038526222,-0.7712924911921614,-1.4391609749301773,0.3825761514825439,0.7799071888343523,-0.2110992652445299,-0.28649867781679333,-0.9097406963118393,-0.48642828820560435,-0.13106994838799868,BRICKFACE,BRICKFACE
26,-0.9762299877378173,0.10616873808947141,1.4834094873316241,-0.3690705822225862,-0.11642236495103316,0.3067128155150047,-0.810562560467858,-0.8550628731222052,-0.8354924701835149,-0.7212713877985402,-1.4391609749301773,0.26217646347583456,0.5306788616339913,-0.2110992652445299,-0.28649867781679333,-0.8686219105676941,-0.3281108696129895,-0.11855281738106219,BRICKFACE,BRICKFACE
24,-0.12343523836117273,-0.8329053334036661,0.9931964123155522,-0.20697512221129122,-0.09603846649987573,-0.16574886622700752,-0.34229893146979057,-0.3198559173229644,-0.43970582527312074,-0.26482894805789964,-0.3865865522941572,-0.6666211297187805,-0.10750360029825286,-0.2110992652445299,-0.28649867781679333,-0.34435752069752135,-0.13461161387055656,-0.10211876934106302,BRICKFACE,BRICKFACE
28,-0.2774121215574582,-0.5804661220841668,1.0028084325461792,0.07090291939544079,-0.10379653736114651,-0.15724697187648165,-0.4351855670510878,-0.4238534636383186,-0.5116670422702498,-0.3648711154535324,-0.04922295529543289,-0.16782242226241317,-0.11719034625767716,-0.2110992652445299,-0.28649867781679333,-0.44972437129264586,-0.06424849684836714,-0.09632850504166181,BRICKFACE,BRICKFACE
11,0.11937433906450053,-0.8430028945861949,0.6087155511855582,-0.17224038003598321,-0.11144048564957086,-0.2762372610253601,-0.35283245866749885,-0.2944906843960317,-0.4516993749320355,-0.31797636091743053,-1.3716882555304324,-1.1654198371751479,0.05208212149431216,-0.2110992652445299,-0.28649867781679333,-0.31865831141023393,0.09406883308647196,-0.047026379314184706,BRICKFACE,BRICKFACE
22,-0.5912879076663118,0.24753475822552728,0.7240598199055394,-0.3922270589440517,-0.11794354900419297,-0.41381508354658075,-0.818223315277251,-0.8068688689234554,-0.8294957007511482,-0.8119346239827575,-1.2367428167309427,0.4513759732006636,0.6822963273968218,-0.2110992652445299,-0.28649867781679333,-0.8377828247289819,-0.4336558111196006,-0.1257054673952256,BRICKFACE,WINDOW
90,0.23189580505472857,-0.5299782252933821,0.12811449640011335,-0.3459137574588649,-0.11157379704629762,-0.42683094198816085,0.07138182306642102,0.09613426793845244,0.02204522942240141,0.09157128208181234,0.8953951163009953,-0.06462268968523373,-0.6664794110776812,-0.2110992652445299,-0.28649867781679333,0.07710988168297696,-0.2577476702657228,-0.10174898312035321,CEMENT,CEMENT
96,0.08976344098803794,-0.5299782252933821,0.35880303384007556,1.2403063505690204,0.49186119721423216,-0.36420963792661576,0.09436406422505755,0.09613426793845244,0.04603232874023084,0.14159243612178868,0.9898569234606381,0.07297695375100555,-0.7664113578207126,-0.2110992652445299,-0.28649867781679333,0.07710988168297696,0.16443233007055708,-0.030677398980086264,CEMENT,PATH
97,0.8241142995806806,-0.8833931393163096,-0.4966667753365455,-0.3111792653738006,-0.10732141074396706,-0.48345694811620904,0.2054450257670363,0.29905635964123917,0.1269886877424561,0.16972930009819542,0.8953951163009953,-0.3742218874167721,-0.44206997230412026,-0.2110992652445299,-0.28649867781679333,0.2827037872743915,-0.25774725864033565,-0.11357762681930988,CEMENT,CEMENT
106,1.4992436285187474,-1.428661988441706,-1.0733882486987372,-0.29960106661068975,-0.11309953105217463,-0.4903636190613415,0.6966909993439291,0.8291903441899107,0.585741388755066,0.6418034137842729,-1.3851827994103814,-0.6150212634301908,-0.4994008585288884,-0.2110992652445299,-0.28649867781679333,0.81981788587011,-0.011475620802372914,-0.10254949917810798,CEMENT,PATH
108,-0.5557548299745565,0.06577847518372854,0.8394040713238822,-0.07961424806890195,-0.10455756706089525,-0.2963673695310331,-0.2838857093365423,-0.33000203332247,-0.28978665692758493,-0.21793419352179774,0.504053343782475,0.6233755274959627,-0.969434093304905,-0.2110992652445299,-0.28649867781679333,-0.3546372275417478,0.07647821214838117,-0.10941723180833547,CEMENT,PATH
76,-0.5439104707439715,0.3586080039358557,0.5414314268728074,-0.31117932789636155,-0.10961506108930186,-0.541917114874627,-0.9034492219042025,-0.8753550777267375,-0.9074536763864628,-0.9244820767933293,-0.7644337809327285,-0.3398219765577123,2.4828041548903683,-0.2110992652445299,-0.28649867781679333,-0.9071707707572484,-0.3984741417862864,-0.11821221457246614,FOLIAGE,FOLIAGE
66,0.7412038915659248,-0.02509971177624177,-1.179120376076624,8.7777491122828,14.11531469330345,-0.693680985445951,0.7847894870318469,0.7987519733626615,0.8166170510300921,0.726214005713493,-0.6024992543733408,-0.6150212634301908,-0.5144382502524509,3.4831378765347436,-0.28649867781679333,0.7889787422081189,7.112810273992229,13.042064267282088,FOLIAGE,CEMENT
68,-0.3899335875476861,0.10616873808947141,0.5318193893405424,-0.10277074979939174,-0.10236664140631138,-0.232419405965919,-0.49168365413121073,-0.4898031605632737,-0.5026718732797004,-0.4774185713591593,-0.7509392370527795,0.27937641890536447,-0.16107801982412662,-0.2110992652445299,-0.28649867781679333,-0.48570328742415986,0.28756797484033625,-0.09072732734726598,FOLIAGE,CEMENT
85,-0.4432332573849888,0.4090958916388263,0.32996699910065186,0.04774650102836552,-0.10227535998218162,-0.6049677492424554,-0.8479087540607367,-0.8119419155088419,-0.8444876202842471,-0.8869662593773845,-0.8993792197322182,-0.23662224398053283,1.9409922170125065,-0.2110992652445299,-0.28649867781679333,-0.8429226665864394,-0.3281108506148947,-0.1257054673952256,FOLIAGE,FOLIAGE
64,-0.5557548299745565,0.42929102309169775,0.49337132571967257,-0.36907057180215935,-0.11368423088298756,-0.5908163297756821,-0.8842973335879678,-0.8601359151418453,-0.8804682260842663,-0.9088504847261669,-0.9803464830119121,-0.3570219319872422,2.0960643019328913,-0.2110992652445299,-0.28649867781679333,-0.8917512220555643,-0.3808833245345494,-0.11983007791329739,FOLIAGE,FOLIAGE
72,0.5635382899084695,-0.02509971177624177,-0.8907596826496237,5.003238767509903,0.2061321345379373,-0.6517593018318418,0.46303790397055866,0.4892957207368973,0.48079793043501123,0.40732944414571537,-1.1287864656913509,-0.8214207285845497,-0.5517377559211977,3.4831378765347436,-0.28649867781679333,0.47544797257560506,4.263095422123924,0.3084592958338269,FOLIAGE,CEMENT
207,-1.0117630974093745,1.4087554301930918,0.30113087785303727,0.15195076923599674,-0.04146604076700231,2.648572019736709,-0.5433937484482372,-0.6242389863909472,-0.42771227561420605,-0.558702848195097,0.9763623795806892,1.9477720955697657,-0.5740530516905555,-0.2110992652445299,-0.28649867781679333,-0.6090596539083202,0.16443233007055708,0.025521889709318405,GRASS,GRASS
194,-1.38486079160046,1.6813898547557895,0.6471636407588852,0.22142029526831997,-0.05698209007761381,2.2018309106439378,-0.7473613455715133,-0.8575993872834056,-0.613612092936486,-0.7431556272157547,-0.8319065003324734,1.672572808697287,0.2792686280294408,-0.2110992652445299,-0.28649867781679333,-0.7709648343234116,0.3579315984783867,0.21940966674380208,GRASS,GRASS
203,-1.4203939066019842,1.8631461377975884,0.5318193893405424,-0.38064883308783115,-0.1114404877031693,2.2245934327527386,-0.6525595232269963,-0.7789670898750969,-0.4966751119429697,-0.6524923854041648,1.4621659592588523,1.0533744132342104,-0.07774781981962078,-0.2110992652445299,-0.28649867781679333,-0.670737802456433,-0.4512465903751479,-0.12970753922277303,GRASS,GRASS
205,-1.301950191706893,2.034804859656859,0.17617464080734374,-0.1259272723707353,-0.11220108512044513,2.378283293827262,-0.614255736252508,-0.7282365783637663,-0.43970582527312074,-0.6493660703108822,-1.1962591850910957,2.0681717835764752,0.12755887486618303,-0.2110992652445299,3.473796468528619,-0.6219092585519639,-0.011475905773794658,-0.08892043464814907,GRASS,GRASS
197,-1.3967051721509132,2.054999982021916,0.3107428894328453,0.04774650102836552,-0.09724227564098485,2.2974097123816124,-0.5615880485538715,-0.6952617527300213,-0.3827365655887248,-0.5774607387547921,1.4486714153789033,0.8985748143684412,-0.1575566704537751,-0.2110992652445299,-0.28649867781679333,-0.5730807377768061,-0.24015663770224494,-0.11715851167705771,GRASS,GRASS
151,-0.05829126259295496,-0.2068559948180406,0.2915188662732294,1.900266576944994,1.057171567578667,-0.48775281625929195,-0.2752673171919592,-0.25136971993404855,-0.3077769139523244,-0.26795523501431806,-1.6280845892494629,1.13937419038186,-0.6675557161842838,-0.2110992652445299,-0.28649867781679333,-0.2749695862339107,0.04129684361823437,-0.04217276561132097,PATH,CEMENT
163,0.8951807214625402,-1.2469057053999073,-0.2659784109129649,0.16352886379483936,-0.10310015083328398,-0.4069253421310764,0.4381404501936553,0.5146611819511547,0.33387719672874694,0.44797165290584423,0.9898569234606381,1.0361744578046805,-0.5481313772157529,-0.2110992652445299,-0.28649867781679333,0.5011474131560074,-0.2753386395022181,-0.1043288053956946,PATH,PATH
167,0.1726740089018032,0.06577847518372854,-0.3428745900596189,3.2433439274036497,0.31163928689543585,-0.7548343582093424,0.07521219659286041,0.0910612670105308,0.08501127742898126,0.044676611956302376,0.3556133611030363,0.6921753492140823,-0.7011014824271705,-0.2110992652445299,-0.28649867781679333,0.07453998388355962,0.04129655864681256,-0.0789577811154096,PATH,CEMENT
154,1.3511888716380844,-1.529637691145134,-0.7369674973726971,0.5224548177646883,-0.09032633210889834,-0.44263722297606245,0.5999738609609563,0.7226562745818631,0.4748012230691866,0.573024312910873,1.2732423449395665,0.9157747697979711,-0.4784507828546963,3.4831378765347436,-0.28649867781679333,0.7118811143462564,0.05888762287378178,-0.08878098025943472,PATH,PATH
166,0.7234371928210376,-1.085344726479449,-0.14102208735908042,-0.17224050508110508,-0.10675745051190101,-0.40570474869570644,0.2935436685852372,0.3624695561022335,0.19894993172503816,0.3041610460673919,0.7739442213814545,1.0877743240932702,-0.5221771954059095,-0.2110992652445299,3.473796468528619,0.34695192613916775,0.5514303602703552,-0.08450371227666324,PATH,CEMENT
47,1.309733561031367,-0.3583195034341119,-1.784677711161858,-0.29960106661068975,-0.11531087081015168,-0.6604917968965416,2.3188557908039455,2.234425618065934,2.384771516843308,2.3300152523686766,-0.23814656961471853,-1.750218321779165,-1.0522361700827527,-0.2110992652445299,-0.28649867781679333,2.243555468144525,-0.39847578512148574,-0.11962337863075992,SKY,SKY
30,1.1853677358105539,-0.3583195034341119,-1.5828252084613192,-0.31117939041892245,-0.11828582384874256,-0.6503469045210281,2.3504563465420234,2.2445718482091013,2.4177537041953285,2.3862889803214897,0.20717337842359762,-1.6814185000610453,-1.102902964647598,-0.2110992652445299,-0.28649867781679333,2.2538352906353087,-0.29292959290696763,-0.0977760101912883,SKY,SKY
55,1.8190416475425633,-0.2775390139738827,-2.6882075782375185,-0.3922269901692347,-0.1115737919123015,-0.7017386720247625,1.9032598236494673,1.940188596511259,1.9590010031827185,1.7797831206662158,-0.6024992543733408,-1.4234191686180966,-0.7441888773110789,-0.2110992652445299,-0.28649867781679333,1.9454443166016293,-0.4160651268545272,-0.11829602560941073,SKY,SKY
45,1.1379901922888738,-0.3482219422515833,-1.515541213910855,-0.3574924855796582,-0.10778956034053051,-0.6469483014482252,2.3408804127259253,2.229352617138012,2.408758778073856,2.383162524543887,0.24765701006344454,-1.6986184554905752,-1.1165688899409802,-0.2110992652445299,-0.28649867781679333,2.23841567254569,-0.20497520584511553,-0.11063385564941966,SKY,SKY
48,3.092311597322205,-2.0143211731753587,-3.1015244222020217,-0.3227582769302034,-0.11429271672316224,-0.5762808536689783,1.3842436678609362,1.663707192347973,1.2453856755045178,1.1701512554231634,1.3677041520992095,-0.6838210851483105,-0.26906945427872553,-0.2110992652445299,-0.28649867781679333,1.6653225653012125,-0.3281107239609295,-0.11957462074890723,SKY,SKY
54,1.8249637738581859,-0.7521247530652955,-2.2460546130254007,-0.3459138825039867,-0.10972168535814206,-0.6392809559559481,1.818991373372375,1.8666293981944218,1.8240737381790093,1.7360146530865326,0.6659878703418627,-1.2514196143227976,-0.7737248043925066,-0.2110992652445299,-0.28649867781679333,1.8709165865391844,-0.292928785487939,-0.11402015545818944,SKY,SKY
134,-0.3011008400186283,0.01529062383201437,0.4741472593059613,-0.40380531397746733,-0.11377554875848972,-0.444884297399137,-0.7933258718423665,-0.743455718119926,-0.8264973173842375,-0.8119346239827575,1.3137259765794134,-1.0450201491684386,1.1330405277415116,-0.2110992652445299,-0.28649867781679333,-0.7735347321228287,-0.5216099543725695,-0.1257267900740282,WINDOW,WINDOW
126,-1.106518067193461,0.762510878364267,1.0700925828113872,-0.5427443452012601,-0.11950276118265793,0.8595566734544131,-0.9589896897476683,-1.004717891212123,-0.9254439792864724,-0.9276083949816669,1.3677041520992095,0.14177677546912518,-1.861716715830986,-0.2110992652445299,-0.28649867781679333,-1.0382368653336276,-0.6095641102909349,-0.13149570065724864,WINDOW,WINDOW
140,0.10753003313358542,-0.22705111718309795,0.041606305673651374,-0.3922270526917956,-0.11550151128253903,-0.5035863512248141,-0.41986407294533024,-0.35536726624940274,-0.46069448995167867,-0.4524079943391711,-0.8993792197322182,-0.16782242226241317,-0.03705140760979269,-0.2110992652445299,-0.28649867781679333,-0.38033643682903523,0.4810673382386398,-0.10337280586769955,WINDOW,CEMENT
138,-0.9999187275188555,0.641340016944525,1.0124204527768061,-0.4964313375721097,-0.1167081679432535,-0.37228694736931467,-0.9446257735104923,-0.9768161075980182,-0.9224455956497071,-0.9182294401352855,0.8009333091413524,0.3825761514825439,0.45988677154653174,-0.2110992652445299,-0.28649867781679333,-1.0099677073624376,-0.3808833245345494,-0.11743425326247409,WINDOW,BRICKFACE
136,-0.5498325970595942,0.31821773194229863,0.5894915453275805,-0.41538356275862687,-0.11703083734013803,-0.5083332887292706,-0.8823821442392432,-0.8575993872834056,-0.8894633734864531,-0.8963452102846049,-1.4121718871702793,0.1933766417577149,1.7859353080469105,-0.2110992652445299,-0.28649867781679333,-0.8891812965009733,-0.398474157618032,-0.1294520848402516,WINDOW,FOLIAGE
25,-0.03460254413178477,-0.8026125589779386,0.8201800395134473,0.0014334767265321766,-0.10425288595423947,-0.22126579578340919,-0.3624084183386446,-0.3249289410796185,-0.4576961092833132,-0.3054711005443004,0.2746460978233425,-0.3570219319872422,-0.024051200866489385,-0.2110992652445299,-0.28649867781679333,-0.34949733942566735,-0.328110926607274,-0.1175309887235016,BRICKFACE,BRICKFACE
19,-0.9110859426800287,0.0960711587313143,1.3872892850253542,-0.3574923105164876,-0.11600403832244997,0.19413471396670962,-0.8067321869414186,-0.8423802406786262,-0.8324940868166043,-0.7275240320535373,1.4081877837390564,0.02137708746241582,0.5394070151100459,-0.2110992652445299,-0.28649867781679333,-0.8634820733360989,-0.3281108189514034,-0.12979269155725823,BRICKFACE,WINDOW
12,-0.9466190576815529,0.06577847518372854,1.4737974584501778,-0.40380531397746733,-0.11767734072958583,0.2613911180339569,-0.7952410534345767,-0.8373071826788733,-0.823498936715872,-0.7056397982636957,0.9628678357007402,0.10737686461006538,0.5141931999525332,-0.2110992652445299,-0.28649867781679333,-0.8480625315732084,-0.34570170902917036,-0.121533085288989,BRICKFACE,BRICKFACE
1,-0.9288525028457743,0.005193062649485779,1.5026335364436971,-0.43854007699362896,-0.11870413999370569,0.26649905210692604,-0.7866227130000881,-0.8271610849423537,-0.8205005533489613,-0.6931345097537015,0.8549114846611484,0.176176686328185,0.5074048414164397,-0.2110992652445299,-0.28649867781679333,-0.8429226665864394,-0.5040191371208326,-0.1253648588389669,BRICKFACE,BRICKFACE
21,0.24966245049994593,-0.9843688420197374,0.5318193893405424,0.05932478315489087,-0.08999178962723789,-0.27941141957658133,-0.2676065959941275,-0.200639254080183,-0.37673975028108797,-0.23356576898821035,-0.04922295529543289,-1.0794200600274984,-0.004090993339014721,-0.2110992652445299,-0.28649867781679333,-0.22357116765933577,0.11165992897693246,-0.07793601453260535,BRICKFACE,WINDOW
16,-0.8992415781194767,0.02538818501454312,1.4353493948293081,-0.4616966099853993,-0.1183999030803938,0.20242793903917028,-0.8029018134149791,-0.8373071826788733,-0.8354924701835149,-0.718145067077885,0.28814064170329146,0.02137708746241582,0.6169876396866981,-0.2110992652445299,-0.28649867781679333,-0.8609121477815079,-0.4512466853656219,-0.12766392618764472,BRICKFACE,BRICKFACE
101,0.7352817119506322,-1.0045641461410781,-0.23714228966535025,-0.24170973934147735,-0.1128095560720311,-0.4269529115538892,0.47261383778665705,0.5222706833430373,0.39384486406696134,0.48861372098165295,0.6929769581017606,-0.391421842846302,-0.6801013920845872,-0.2110992652445299,-0.28649867781679333,0.5088571065542592,0.006114778491278811,-0.11369921747258875,CEMENT,CEMENT
112,-0.3366339177103834,-0.3785146257991692,0.9066882302399093,-0.380648895610392,-0.1091968215332928,-0.21879594414091305,0.23800320074177142,0.1620839648634074,0.21094340042759369,0.3573084307900589,0.20717337842359762,-0.8558206394436095,-1.0868386226617035,-0.2110992652445299,-0.28649867781679333,0.14392791834717025,-0.06424868682931509,-0.11246496440070414,CEMENT,CEMENT
117,1.564387550987295,-1.347881408103335,-1.256016641731469,-0.36907057180215935,-0.1127435410963829,-0.5156517191809971,0.6545567354228127,0.8012885879702846,0.5497608207346811,0.576150628004156,-0.6159937982532898,-1.6298186337724554,-0.4340518335708183,-0.2110992652445299,-0.28649867781679333,0.7915487556540935,0.7449294386972367,-0.045007262219403085,CEMENT,CEMENT
103,1.0906126487671939,-1.2771985707037763,-0.5543391043399654,-0.33433606929666826,-0.11575342055652588,-0.4426722363214295,0.7397827015163724,0.8088979752185047,0.6457090021223741,0.7449718118625963,-1.115291921811402,-1.131019926316088,-0.6882145015030761,-0.2110992652445299,-0.28649867781679333,0.799258333405788,-0.16979285574673794,-0.10906538887071188,CEMENT,CEMENT
107,0.7175149599060753,-0.9136860046201787,-0.2948144456523885,-0.36907043216844,-0.110911956562215,-0.45018740842807403,0.5789067807104926,0.6135856131949251,0.5137801447724837,0.5980348336571332,0.07222793962410787,-1.5610188120543358,-0.7664058592863686,-0.2110992652445299,-0.28649867781679333,0.6013743525057401,-0.25774748028477484,-0.10742354697113268,CEMENT,CEMENT
79,0.4628611298491566,-0.13617297566219852,-0.6216230988904298,0.013011758853057522,-0.0866737177151361,-0.6201809836773312,-0.5577576750274321,-0.4263899869310119,-0.5956217819408404,-0.6743766191940064,-0.7779283248126775,0.22777655261677474,1.045085796424179,-0.2110992652445299,-0.28649867781679333,-0.4522942922213746,1.5189263856745898,-0.0462383494787144,FOLIAGE,CEMENT
89,-0.9406968674063263,0.6211448764038394,0.9355242822809712,-0.4616965849763749,-0.11794354746399414,-0.4835162655969132,-0.9455833694776068,-0.9692065285884454,-0.9254439792864724,-0.9276083949816669,-1.3716882555304324,0.10737686461006538,1.5595936403166455,-0.2110992652445299,-0.28649867781679333,-1.002257935324527,-0.4512466537021305,-0.12970753855604417,FOLIAGE,WINDOW
87,-0.4906108009066688,0.3586080039358557,0.45492323614634544,0.013011758853057522,-0.08071256500338436,-0.5731950621322547,-0.8574846878768353,-0.8271610849423537,-0.8594795398173459,-0.8838399386567292,0.20717337842359762,0.03857704289194573,1.8913569474905667,-0.2110992652445299,-0.28649867781679333,-0.8583422222269168,-0.39847419878057067,-0.12638666611522253,FOLIAGE,FOLIAGE
65,-0.3484783302406384,0.20714446805634187,0.36841504541988357,-0.36907057180215935,-0.11687871703524347,-0.5427233195961501,-0.8747213894298502,-0.8220880315083474,-0.8924617595519092,-0.911976802633136,-0.9533573952520141,-0.5462214417120712,2.294342770020385,-0.2110992652445299,-0.28649867781679333,-0.853202373430666,-0.15220261477054303,-0.09607306282119449,FOLIAGE,FOLIAGE
83,0.3681060961054662,0.24753475822552728,-0.8330876131707762,1.379245444315374,1.9891625165255034,-0.7041220163359404,-0.4074153331293549,-0.30717330085949807,-0.40072682261346426,-0.5336922993119727,-1.6685682208893098,-0.7182209960073703,0.756826980955352,-0.2110992652445299,-0.28649867781679333,-0.33150791605387764,3.2428274389149427,6.01748114273583,FOLIAGE,FOLIAGE
208,-1.2901058164864068,1.9641218405010166,0.22423469870638332,-0.033301265448775826,-0.06808674501181199,2.393787151854083,-0.5931886301469969,-0.7079443691934877,-0.4247139219312937,-0.6212292063344755,1.1248023622601278,2.0165719172878855,-0.007078808924913753,-0.2110992652445299,3.473796468528619,-0.6090596539083202,-0.27533832286730486,-0.11165561395558973,GRASS,GRASS
191,-1.5743707364985997,2.29734181391517,0.36841504541988357,-0.0911925093545737,-0.10103940175739888,2.190752264931636,-0.5615880485538715,-0.720626985656954,-0.3587494662708955,-0.571208108568227,1.583616854178393,1.0361744578046805,-0.013135686440176278,-0.2110992652445299,-0.28649867781679333,-0.5525213240883532,-0.1346117721880131,-0.10995580848779271,GRASS,WINDOW
195,-1.5033045118255184,2.751732521519667,-0.17947022018650297,0.09405952533019887,-0.08847774234207788,2.337141138100111,-0.4351855670510878,-0.5988737306352819,-0.18184484492461792,-0.4930501468255719,-0.10320113081522879,1.7413726304154067,0.08043696339868081,-0.2110992652445299,-0.28649867781679333,-0.4008958505174883,0.3579314718244213,-0.07264748669430637,GRASS,GRASS
188,-1.361172041159488,2.1761708070904016,0.13772650797992136,-0.10277070811768452,-0.0991188939461969,2.3554723558288058,-0.5156235145265041,-0.6496042878040774,-0.32276884427960445,-0.5461975878219669,0.8279223969012505,0.8641749035093814,-0.11787519970727237,-0.2110992652445299,-0.28649867781679333,-0.5216822266849852,-0.15220255144356043,-0.11242195464128851,GRASS,WINDOW
181,-1.2486505218695902,2.0953903176301725,0.03199429409384352,0.08248126404452713,-0.10033586357294781,2.4331248377547197,-0.3815602859708417,-0.5151683934902064,-0.19084001391516708,-0.41176586998963427,-0.7239501492928816,0.9845745915160907,-0.42161714008771156,-0.2110992652445299,3.473796468528619,-0.4086056364329859,-0.22256595343717162,-0.11855282657732238,GRASS,GRASS
185,-1.6217482267206098,2.0953903176301725,0.6375516291790774,-0.2532879589454418,-0.11218861022864457,2.081370189243665,-0.57116398236997,-0.7358461482418462,-0.3887332729545497,-0.552450218008532,-1.574106413729667,1.311373744677159,-0.06310399119025366,-0.2110992652445299,-0.28649867781679333,-0.5782205333756407,-0.08183911778645787,-0.11336042885622336,GRASS,GRASS
169,0.16675188258618048,-0.45929529701568167,0.1665625427193451,0.2098419506192337,-0.02484704891015858,-0.4237046221835397,-0.055978225962925295,-0.025618895768289716,-0.10388683960530498,-0.042860323203064266,0.1666897467837507,1.0189745023751506,-0.6047246240612248,-0.2110992652445299,-0.28649867781679333,-0.04624636915462578,-0.029066748356324668,-0.04285397628645619,PATH,CEMENT
165,1.2978892018007817,-1.469052324049962,-0.7081312896168918,0.14037257047288593,-0.09075101934794864,-0.44573571166000714,0.5856099602368087,0.7023640425828521,0.46580608106409027,0.5605191088114712,-0.008739323655585971,1.1737741012409197,-0.48219629647317785,-0.2110992652445299,-0.28649867781679333,0.6913217006578037,0.4986583074751352,-0.06853319253570679,PATH,PATH
172,1.1379901922888738,-1.1358326232702336,-0.7658033590957392,0.2445767136353952,-0.10364482264194508,-0.48796065188627663,0.5511365467887598,0.6490968479777011,0.4628076194393658,0.5167505849580597,0.5715260631822199,1.13937419038186,-0.5617616720065867,-0.2110992652445299,-0.28649867781679333,0.6373531529906965,0.5866121087623976,-0.08004900705149276,PATH,PATH
153,0.28519547489203123,-0.3785146257991692,-0.10257395453165788,0.615080803845794,-0.05999693277716121,-0.5357351432261805,0.0828729177906921,0.11388999947350276,0.049030682423143165,0.07906613425613812,1.7185622929778828,1.345773655536219,-0.6504195119075362,-0.2110992652445299,-0.28649867781679333,0.09509939757201265,0.850474525855908,-0.005159432256220332,PATH,CEMENT
174,0.8004257943181898,-1.0449544817493341,-0.3044264572321965,-0.06803596594237651,-0.0985805975339117,-0.4369871848437658,0.3270594886516765,0.403053974442791,0.23792885342833545,0.3229188522164952,1.610605941938291,1.2253739675295094,-0.5383159655526826,-0.2110992652445299,-0.28649867781679333,0.3880707072574508,-0.06424849684836714,-0.1052077310669664,PATH,PATH
37,1.3038113281164045,-1.2771985707037763,-0.9003718672458133,-0.3806486455201483,-0.11372226321816949,-0.4857091526997767,1.9750793272702063,1.9300425946554163,1.9350140387921537,2.0517727588767083,-1.3986773432903303,-0.5634213971416011,-1.0712596033111341,-0.2110992652445299,-0.28649867781679333,1.9351647254039606,-0.39847376499073967,-0.1304739008069731,SKY,SKY
43,1.8249637738581859,-0.17656322039231306,-2.793940051648169,-0.4269614718338721,-0.11670817923804497,-0.7147485025277629,1.9396484755708296,1.973163330830074,2.0069751748329234,1.8079199846426224,0.3691079049829853,-1.8018181880677546,-0.7414743608762068,-0.2110992652445299,-0.28649867781679333,1.9788532192871684,-0.36329263077042867,-0.12102525492606625,SKY,SKY
38,1.872341317379866,-1.3680767122246758,-1.736617480246437,-0.1606620145460433,-0.11231517688931489,-0.5500561144972577,1.972206572980424,2.008674793900175,1.9230206240605046,1.9579834467625516,-1.574106413729667,-1.4406191240476265,-0.8809823384711629,-0.2110992652445299,3.473796468528619,2.01483225106524,-0.16979285574673794,-0.10552479512795851,SKY,SKY
33,2.8258132481356917,-2.0143211731753587,-2.6689834685697122,-0.3806486455201483,-0.1146349778599422,-0.5562114734381453,1.4560633007569108,1.6890725394185675,1.320345327140918,1.2952038591544646,0.5445369754223219,-0.4086217982758319,-0.4082668306656665,-0.2110992652445299,-0.28649867781679333,1.6910218902350571,-0.3281103250009389,-0.12059643285319946,SKY,SKY
42,1.6591426380306553,-0.3381243810690545,-2.3710111961038574,-0.1953965274719612,-0.10651469463958803,-0.6861528596840604,1.8572953671872419,1.8767754000502648,1.905030097181235,1.7641515170629392,0.8549114846611484,-1.3890192577590368,-0.7974905695334974,-0.2110992652445299,-0.28649867781679333,1.881196177736853,-0.36329225080853284,-0.11898120217175653,SKY,SKY
57,1.2386674056478566,-0.479490419380739,-1.5539892602300869,-0.36907057180215935,-0.11368422164179455,-0.6325394120516942,2.298746252224997,2.2065238846750397,2.351789248534929,2.3331413986407754,-0.4405647278139531,-1.148219881745618,-1.0872568191897594,-0.2110992652445299,-0.28649867781679333,2.2152863610578195,-0.4688380187322672,-0.13081450133949477,SKY,SKY
137,-0.3070230196339208,0.03548574619707171,0.4645352477261534,-0.45011833411113,-0.1143497850945001,-0.4542243958472628,-0.7923682681187378,-0.743455718119926,-0.823498936715872,-0.8119346239827575,1.3272205204593623,-1.0450201491684386,1.0871270181696888,-0.2110992652445299,-0.28649867781679333,-0.7735347321228287,-0.5040191181227377,-0.12464121225105243,WINDOW,WINDOW
124,-0.7807978685543522,0.46968130417306897,0.8201800395134473,-0.49643133965619507,-0.11919852436175797,-0.4686685550971857,-0.9283466705100965,-0.9311586403892009,-0.9224455956497071,-0.9213557586049919,1.597111398058342,-0.49462157542348145,2.439359135332736,-0.2110992652445299,-0.28649867781679333,-0.963709082073766,-0.39847418928152334,-0.12434305363186983,WINDOW,FOLIAGE
120,-1.106518067193461,0.762510878364267,1.0700925828113872,-0.5427443452012601,-0.11950276118265793,0.8595566734544131,-0.9589896897476683,-1.004717891212123,-0.9254439792864724,-0.9276083949816669,0.8684060285410974,0.365376196053014,-1.861716715830986,-0.2110992652445299,-0.28649867781679333,-1.0382368653336276,-0.6095641102909349,-0.13149570065724864,WINDOW,WINDOW
131,0.261506756430861,-0.41890496140742534,-0.025677861893194733,-0.4501182840930813,-0.1150913220377985,-0.4774227892169762,-0.43614321214279206,-0.34775767354259046,-0.4966751119429697,-0.4774185713591593,-0.3865865522941572,-0.49462157542348145,0.12455513552482453,-0.2110992652445299,-0.28649867781679333,-0.3726266509135376,-0.38088322004502806,-0.1249391034889698,WINDOW,WINDOW
141,-1.0236074672998934,0.6615351574852106,1.0316444975634698,-0.49643133131985356,-0.11773530518860564,-0.3236638633568118,-0.9407953973985481,-0.9768161075980182,-0.916448828106322,-0.911976802633136,0.47706425602257707,-1.4062192131885667,0.5006163949037963,-0.2110992652445299,-0.28649867781679333,-1.0099677073624376,-0.3457016931974247,-0.11288100321208207,WINDOW,WINDOW
4,-0.84594189762224,0.055680895825571425,1.320005126109327,-0.3574923105164876,-0.11509132881467336,0.10556896987739689,-0.8029018134149791,-0.8296976128007936,-0.8324940868166043,-0.7306503471468199,-1.1557755534512488,-0.202222333121473,0.6144661438014328,-0.2110992652445299,-0.28649867781679333,-0.8557722943593947,-0.3808833245345494,-0.12289549238505611,BRICKFACE,BRICKFACE
27,-0.8755528223485375,0.005193062649485779,1.4161253457172351,-0.29960106661068975,-0.11733507579364874,0.16848589943736864,-0.7923682681187378,-0.8246245548010408,-0.8264973173842375,-0.7087661217980373,0.18018429066369968,0.176176686328185,0.5937136194691467,-0.2110992652445299,-0.28649867781679333,-0.8480625315732084,-0.398474157618032,-0.12127763640123304,BRICKFACE,BRICKFACE
7,-0.5439104707439715,-0.45929529701568167,1.320005126109327,0.013011758853057522,-0.10900658438764027,-0.0030128649006247337,-0.4955140276576501,-0.5151683934902064,-0.5626395406179148,-0.3961342663863577,-1.4931391504499731,-0.2194222885510029,-0.23921659167771822,-0.2110992652445299,-0.28649867781679333,-0.5422416172441267,-0.06424837019440194,-0.008453176304222824,BRICKFACE,BRICKFACE
0,-0.8696306320733111,0.04558330737960038,1.368065235913281,-0.40380530355704053,-0.1163082740036028,0.14016824716539739,-0.7990714398885398,-0.8296976128007936,-0.8294957007511482,-0.7212713877985402,0.20717337842359762,0.03857704289194573,0.5384370736517908,-0.2110992652445299,-0.28649867781679333,-0.8583422222269168,-0.5216099290417764,-0.13004814010015445,BRICKFACE,BRICKFACE
3,-1.0117630974093745,0.0758760545418854,1.5699176780580861,-0.31117932789636155,-0.11463497118574724,0.3822775529773653,-0.8076897803230284,-0.8575993872834056,-0.8354924701835149,-0.7087661217980373,-1.2232482728509937,0.24497650804630464,0.6615964570294127,-0.2110992652445299,-0.28649867781679333,-0.8583422222269168,-0.4512465903751479,-0.12766392411848615,BRICKFACE,BRICKFACE
94,0.5872270616693093,-0.893490700498838,-0.10257395453165788,-0.09119265524054913,-0.10227533225860261,-0.42047082551658416,0.22363930001762364,0.28130067376365364,0.14497902572355464,0.23225560196384598,0.8819005724210464,-0.30542206569865243,-0.5596996776393679,-0.2110992652445299,-0.28649867781679333,0.2647143176439787,-0.01147581078332072,-0.07870230900709664,CEMENT,CEMENT
91,0.25558457681556845,-0.6410515800574805,0.19539866396695962,-0.40380531397746733,-0.109919317511799,-0.3990297044968469,0.06755147539502872,0.09613426793845244,0.007053380051480426,0.09469773785941463,1.2732423449395665,-0.7354209514369002,-0.617007074125419,-0.2110992652445299,-0.28649867781679333,0.07710988168297696,-0.20497539582606347,-0.12391730402953532,CEMENT,CEMENT
104,0.8892583819482381,-0.5602709088409679,-0.909983878825621,-0.32275761002288694,-0.11429270183457352,-0.575587448351302,-0.20727813538756532,-0.05605719810934157,-0.27179637291739245,-0.32422896296713155,1.2462532571796685,0.4341760177711336,0.2663075708506656,-0.2110992652445299,-0.28649867781679333,-0.0770854434286823,0.04129655864681256,-0.07282691722610339,CEMENT,CEMENT
93,0.28519547489203123,-0.3482219422515833,-0.13141007577927258,0.0361683022652547,-0.11509132881467336,-0.5119441521924843,-0.3681539786283038,-0.2843445683965261,-0.4187171066236568,-0.4148922413566448,-0.7914228686926265,0.6405754829254926,0.012244932255191505,-0.2110992652445299,-0.28649867781679333,-0.3083786045660074,0.34034085088633065,-0.03851123323013679,CEMENT,WINDOW
118,0.7234371928210376,-1.0550519520537214,-0.16985812209850398,-0.35749222715307305,-0.11646040129073205,-0.4137390930442736,0.546348554025663,0.5856838798040314,0.46580608106409027,0.576150628004156,0.5985151509421178,-0.3570219319872422,-0.719077466857186,-0.2110992652445299,-0.28649867781679333,0.5731052454190352,-0.29292919711332616,-0.12332126336869556,CEMENT,CEMENT
113,0.9011029010778329,-0.9338810361070943,-0.5735630409913903,-0.27644450235763895,-0.1118750006920247,-0.48677712386047123,0.2274697252541574,0.32949466198229116,0.14497902572355464,0.18536093183833602,1.5026495908986992,-0.09902260054429354,-0.4080059362081196,-0.2110992652445299,-0.28649867781679333,0.3135428615484482,-0.36329225080853284,-0.12221467255097933,CEMENT,PATH
84,-0.8933193878442501,0.5807545953224682,0.8970762013584632,-0.4848530804546087,-0.11794354777203392,-0.4835162655969132,-0.941752990780158,-0.9590604262861792,-0.9254439792864724,-0.9276083949816669,1.4216823276190054,0.02137708746241582,2.5371107592494693,-0.2110992652445299,-0.28649867781679333,-0.9919782423578872,-0.5216099607052678,-0.12902633397343133,FOLIAGE,WINDOW
69,0.1785961352174259,0.2879250211312702,-0.5639511159197731,2.930731122780756,0.6147726580103459,-0.699700138625741,-0.3480444917594497,-0.2818080451038329,-0.33476236695306616,-0.439902733966041,-1.560611869849718,-0.7354209514369002,0.400396588890796,-0.2110992652445299,-0.28649867781679333,-0.30580868363727876,0.32274978665936144,0.18466834533987542,FOLIAGE,PATH
82,-0.7689534826739323,0.5504618845114398,0.7240598199055394,-0.3690705447090496,-0.11240537504026431,-0.5753246558800325,-0.9130251608913104,-0.9159394892186751,-0.8984585262857306,-0.9151031219469481,-0.2921247451345144,0.03857704289194573,2.2019618945093513,-0.2110992652445299,-0.28649867781679333,-0.9482895449367379,-0.3105200080323648,-0.11246497934462696,FOLIAGE,FOLIAGE
67,-0.5320660582137166,0.4090958916388263,0.4741472593059613,-0.31117928621465424,-0.10870235712624106,-0.5944988231047837,-0.8938732777460852,-0.8652089731415981,-0.8924617595519092,-0.9213557586049919,0.20717337842359762,0.02137708746241582,2.421709411936548,-0.2110992652445299,-0.28649867781679333,-0.8968910754776775,-0.29292919711332616,-0.12127763157319642,FOLIAGE,FOLIAGE
71,-0.9406968674063263,0.6211448764038394,0.9355242822809712,-0.519587841386685,-0.119198524320686,-0.4835162655969132,-0.9455833694776068,-0.9692065285884454,-0.9254439792864724,-0.9276083949816669,-0.6834665176530347,0.10737686461006538,2.5371107592494693,-0.2110992652445299,-0.28649867781679333,-1.002257935324527,-0.5392007969550995,-0.1308144960286545,FOLIAGE,FOLIAGE
202,-1.124284624161226,2.246853917124385,-0.31403846881200437,-0.34591407840801097,-0.11550150306814524,2.5294323787904687,-0.3011223643504724,-0.4263899869310119,-0.09189328994639026,-0.36174482849711387,-0.9803464830119121,0.8125750372207917,-0.32603466597549025,-0.2110992652445299,-0.28649867781679333,-0.3237981070090683,-0.4336557984542041,-0.12102529630923715,GRASS,GRASS
189,-1.1716621069212825,0.9240720208653803,1.0220324730074333,0.11721602706068875,-0.08584656111862383,1.9860405850519527,-0.7933258718423665,-0.8677454964342913,-0.73654580828128,-0.7525345724956024,-1.6550736770093608,2.102571694435535,-1.0213234539898997,-0.2110992652445299,-0.28649867781679333,-0.8711918361222852,-0.01147596910077733,-0.08176777428819296,GRASS,GRASS
198,-1.5388376055071746,1.933829156953431,0.6567756782911504,-0.4153836231971025,-0.11251627962434571,2.1055699899416713,-0.544351341829847,-0.7003347993154079,-0.37673975028108797,-0.5211870108019786,-1.2907209922507386,1.2425739229590393,-0.3559675432482691,-0.2110992652445299,-0.28649867781679333,-0.5679408496607257,-0.46883751844910443,-0.1222146849659306,GRASS,BRICKFACE
193,-1.2901058164864068,2.11558543999523,0.0800543519928831,-0.2417098227048919,-0.10185701117473524,2.407109345004119,-0.4524222996301595,-0.5836545908791223,-0.2628012039268432,-0.4836712015457244,-0.9128737636121672,0.932974725227501,-0.2825798810208632,-0.2110992652445299,-0.28649867781679333,-0.4702837849810989,-0.3105198655466539,-0.1188082727062003,GRASS,GRASS
184,-1.3670942367646814,2.135780562360287,0.1857866523871516,-0.24170978102318466,-0.10322608159719547,2.345515291454353,-0.5951038427652636,-0.720626985656954,-0.4097220185894666,-0.6274818365210405,-0.48104835945380003,1.689772764126817,0.10021110052395935,-0.2110992652445299,-0.28649867781679333,-0.5962100492646764,-0.16979342568958164,-0.09735033599828745,GRASS,BRICKFACE
190,-1.4263160862172768,1.7924631186417466,0.6087155511855582,-0.1953967984030585,-0.09440322712921859,2.171972094032771,-0.7866227130000881,-0.8981837987753433,-0.6435958996201401,-0.7900503901929159,-0.8454010442124223,1.7241726749858768,0.7474469212474912,-0.2110992652445299,-0.28649867781679333,-0.796664043610699,0.182023172653087,6.192839665422598e-05,GRASS,BRICKFACE
156,0.3266508920980887,-0.6410515800574805,0.0800543519928831,0.16352886379483936,-0.09394330527482941,-0.41849295626539584,0.11926156971205515,0.15193791735009934,0.061024286052963936,0.13846614916537023,1.043835098980434,1.2081740120999795,-0.6371418711153796,-0.2110992652445299,-0.28649867781679333,0.13364828089087835,-0.25774725864033565,-0.11424564316012537,PATH,PATH
170,1.0550797309744482,-1.1257350620877051,-0.6408472950664273,0.5456111736092027,-0.08741965757350292,-0.4712239521659077,0.429522135614214,0.5298801847349195,0.3368756043825653,0.3979504988658677,-1.6280845892494629,1.345773655536219,-0.5030975891506712,7.1773750183140175,-0.28649867781679333,0.5165667999525108,0.2523864163292416,-0.09289794363255688,PATH,CEMENT
155,0.6819820421133296,-1.0045641461410781,-0.1506340989388883,-0.20697512221129122,-0.10796342927976844,-0.4150309957105004,0.3203563091253603,0.38022524197981905,0.23493049974542313,0.33229791004379866,1.0843187306202808,1.1565741458113898,-0.5825885365232016,-0.2110992652445299,-0.28649867781679333,0.3649413957695806,-0.20497520584511553,-0.10854769321966125,PATH,PATH
160,0.030541591535442676,-0.26744136191321244,0.20501067554676747,0.7540197100244651,0.21028998343580177,-0.4776655740623218,-0.11726422824100322,-0.09917813974259218,-0.1488625766162393,-0.10538673761617075,-0.6429828860131878,1.0705743686637403,-0.6724480481137936,-0.2110992652445299,-0.28649867781679333,-0.12077414547569396,0.3227499766403093,0.04468070228164673,PATH,PATH
171,0.6997485809592073,-0.8228078630992793,-0.3524866016394269,-0.07961431059146287,-0.10771235222655187,-0.47083213615823133,0.262900706228769,0.33203125376118153,0.19295308943194828,0.24788731811457848,1.4891550470187502,1.2597738783885692,-0.5674153090072086,-0.2110992652445299,-0.28649867781679333,0.31611285186511107,-0.08183927610391448,-0.10084148466864482,PATH,PATH
46,0.24966245049994593,-0.04529483414129911,-0.3620985267110438,-0.43854007699362896,-0.11687872617375657,-0.5926198376971041,2.6109221600206585,2.3409597789889114,2.720590529496577,2.802089366054754,0.7604496775015055,-1.6470185892019855,-1.43827168278492,-0.2110992652445299,-0.28649867781679333,2.3514923321856243,-0.38088360000692384,-0.12085185989983746,SKY,SKY
59,1.5229322403805776,-0.5097831029283247,-1.9865300408460147,-0.09119223842347633,-0.11147591022276601,-0.6523580556884169,2.2614001879073546,2.214133386066923,2.309811892192361,2.245604660439456,0.004755220224363003,-1.3202194360409172,-0.981406821926579,-0.2110992652445299,3.473796468528619,2.222996054456072,-0.4160655258145178,-0.11743425464191314,SKY,PATH
32,1.961174118208593,-0.4895879805632674,-2.7170439590097053,-0.4616959639189364,-0.11613759964210763,-0.682534300980107,1.8774047764909543,1.9376520960472983,1.911027074401589,1.7485201104177104,-0.7914228686926265,-1.4062192131885667,-0.7090232428504937,-0.2110992652445299,-0.28649867781679333,1.9428744188022122,-0.41606473422723483,-0.12396095706735186,SKY,SKY
41,0.3207287124827959,-0.22705111718309795,-0.3044264572321965,-0.3459138825039867,-0.11566171947955368,-0.5606073797108474,2.6252856729190985,2.3637885114518835,2.7175921758136647,2.823973656118323,-1.587600957609616,-1.8018181880677546,-1.4378798616264046,-0.2110992652445299,-0.28649867781679333,2.374621643673495,-0.20497479421972845,-0.11472111280303578,SKY,SKY
58,1.4518660849970673,-0.5703685609016385,-1.813513659393091,-0.1722401091048859,-0.10604222940589011,-0.6370047678720742,2.3044917608045616,2.2420353477451407,2.348791056764736,2.3112573899458444,-0.7779283248126775,-1.5610188120543358,-1.0231900524406752,-0.2110992652445299,-0.28649867781679333,2.2512653928358914,-0.3105201663498214,-0.10706026940357831,SKY,SKY
121,-1.106518067193461,0.762510878364267,1.0700925828113872,-0.5427443452012601,-0.11950276118265793,0.8595566734544131,-0.9589896897476683,-1.004717891212123,-0.9254439792864724,-0.9276083949816669,0.8684060285410974,0.31377632976442427,-1.861716715830986,-0.2110992652445299,-0.28649867781679333,-1.0382368653336276,-0.6095641102909349,-0.13149570065724864,WINDOW,WINDOW
128,-0.8873972082289575,0.5302667348829401,0.9355242822809712,-0.288022805325018,-0.1109841278152849,-0.3801715551584833,-0.9197283197335888,-0.9387682216816471,-0.9074536763864628,-0.8994715310052602,-1.101797377931453,0.5029758394892533,0.9917025059520976,-0.2110992652445299,-0.28649867781679333,-0.9714188564246081,0.006114905145243945,-0.09224127547682628,WINDOW,WINDOW
142,0.12529646538012323,-0.13617297566219852,-0.07373791979223432,-0.4501184841652762,-0.11670816897005273,-0.5430558822501289,-0.14120411449134393,-0.10678768679193969,-0.16085612627515383,-0.1616604655689842,0.47706425602257707,-0.2194222885510029,-0.509323161699603,-0.2110992652445299,-0.28649867781679333,-0.12848388513256884,-0.3457017881878987,-0.11560422966989303,WINDOW,CEMENT
139,-0.182657087813768,-0.055392395323827705,0.3491910222602677,-0.4501183174384471,-0.1159678485784738,-0.46695129799905744,-0.7435309720450739,-0.6825791134378224,-0.7815215587849408,-0.7712924911921614,1.3542096082192605,-1.1138199708865582,0.8753315690871192,-0.2110992652445299,-0.28649867781679333,-0.7118565835747159,-0.5040190864592465,-0.12180199037457384,WINDOW,WINDOW
149,-0.6978872739907521,0.36870558329401265,0.7817319499401204,-0.34591407840801097,-0.11794354294607758,-0.4314119829276649,-0.9044068101148028,-0.8981837987753433,-0.9074536763864628,-0.8994715310052602,-0.46755381557385106,0.1933766417577149,2.015768193179322,-0.2110992652445299,-0.28649867781679333,-0.9303000706804628,-0.48642831670274655,-0.13106994765229787,WINDOW,FOLIAGE
122,-1.106518067193461,0.762510878364267,1.0700925828113872,-0.5427443452012601,-0.11950276118265793,0.8595566734544131,-0.9589896897476683,-1.004717891212123,-0.9254439792864724,-0.9276083949816669,1.1517914500200257,0.5201757949187832,-1.861716715830986,-0.2110992652445299,-0.28649867781679333,-1.0382368653336276,-0.6095641102909349,-0.13149570065724864,WINDOW,WINDOW
13,-0.17081278188285287,-0.7016368562745108,0.9451363111624173,-0.21855325845184112,-0.11052777573107457,-0.18715163929705728,-0.3978394251683035,-0.37565949824841394,-0.484681562284055,-0.33048164942742464,-0.6024992543733408,-0.11622255597382346,-0.06979179253026696,-0.2110992652445299,-0.28649867781679333,-0.4008958505174883,-0.13461174052452177,-0.09394431710858714,BRICKFACE,BRICKFACE
23,-0.2655677090272032,-0.6511490503618673,1.0508685406199694,-0.345914153435084,-0.11383635529507899,-0.14552340086316545,-0.4055001463661352,-0.3959517074186927,-0.48767994295242045,-0.3273552780604141,-0.6024992543733408,-0.47742161999395155,-0.14425641968839675,-0.2110992652445299,-0.28649867781679333,-0.4214552410766298,-0.2225658584466976,-0.10833473772131075,BRICKFACE,BRICKFACE
6,-0.1648906022675603,-0.7218321603958512,0.9547483227422251,-0.03330120292621491,-0.08679730943041747,-0.18135430143159625,-0.44188874657740396,-0.41370734763881306,-0.5326557339342607,-0.3773764039635265,-1.3312046238905855,-0.959020372020789,0.060303442068687874,-0.2110992652445299,3.473796468528619,-0.4394446644484194,-0.29292919711332616,-0.11105953444055061,BRICKFACE,BRICKFACE
15,-0.9525412479567793,0.08597357937315744,1.464185429568732,-0.33433578794514407,-0.11493920953657805,0.2666341677089185,-0.79715625312532,-0.8398437105373131,-0.823498936715872,-0.7087661217980373,-0.06271749917538187,0.22777655261677474,0.4676446756464075,-0.2110992652445299,-0.28649867781679333,-0.853202373430666,-0.41606498120246715,-0.12187368349945495,BRICKFACE,BRICKFACE
2,-0.9288525028457743,0.06577847518372854,1.4449614237107544,-0.3690705822225862,-0.11414058810119398,0.24012452507420196,-0.8009866266517595,-0.8398437105373131,-0.8294957007511482,-0.715018763239348,-0.2651356573746165,0.27937641890536447,0.48122152468341933,-0.2110992652445299,-0.28649867781679333,-0.8634820733360989,-0.5216099543725695,-0.12902633383548745,BRICKFACE,BRICKFACE
100,0.37995056193539134,-0.5804661220841668,-0.06412590821242631,-0.39222710896210045,-0.11550150553246338,-0.45282912044709595,-0.13928895358317123,-0.0687398602302729,-0.20283348261772283,-0.15853409420197362,0.3556133611030363,-0.580621352571131,-0.31652950361423743,-0.2110992652445299,-0.28649867781679333,-0.08993509433094903,2.0466510298806626,-0.026260205300265273,CEMENT,WINDOW
92,0.604993493915847,-0.8026125589779386,-0.21791826650573454,-0.11434907360762449,-0.10383059013057969,-0.45242088792584106,0.41324299641675183,0.45124798549016065,0.35186742676803334,0.4260873628422744,0.1531952029038017,-1.337419391470447,-0.7208046224770015,-0.2110992652445299,-0.28649867781679333,0.43689927429123143,-0.22256595343717162,-0.09598880438619121,CEMENT,CEMENT
115,0.23781798467002097,-0.5501734385365811,0.13772650797992136,-0.34591407840801097,-0.11021309503750523,-0.4201208844439345,0.10202483713298342,0.1240360698155434,0.05202903610605568,0.12596080438164808,0.9763623795806892,-0.030222778826173906,-0.6275036002347307,-0.2110992652445299,-0.28649867781679333,0.10537905815761614,6.2508587974673135,0.2676863657769159,CEMENT,PATH
119,0.13121864499541563,-0.2472462395481551,0.022382282514035665,4.968503733562645,0.14271585423937716,-0.40426580280434027,0.5070872770897537,0.46646698827392535,0.5047850297528407,0.5542664786249062,1.1248023622601278,-0.9934202828798488,-0.9945741841139354,-0.2110992652445299,-0.28649867781679333,0.45231866108773483,-0.16979386897846013,-0.10306132623571297,CEMENT,PATH
105,-0.29517866040333574,0.08597357937315744,0.3972511061117644,-0.31117928621465424,-0.11189684143025838,-0.49282468530399287,-0.6851177240567785,-0.6470677416826516,-0.70656194762672,-0.7025134831704131,-1.4931391504499731,0.3997761069120738,0.28431399516680866,-0.2110992652445299,3.473796468528619,-0.6758776443138904,-0.3281108189514034,-0.12059643561207753,CEMENT,FOLIAGE
109,-0.5024551601372539,0.12636388771797114,0.6952237419120202,-0.2532880214680027,-0.1152054208915829,-0.38671879423405336,-0.7406581660451972,-0.725700055071073,-0.7605328806136564,-0.7306503471468199,0.34211881722308735,0.6061755720664328,0.3512737827697035,-0.2110992652445299,-0.28649867781679333,-0.7555452856217275,0.0764783071388551,-0.09394429411793663,CEMENT,WINDOW
62,-0.4432332573849888,0.2273395904213992,0.5029833546011185,-0.38064882683557505,-0.1146349732393457,-0.5024398244815665,-0.8996188380357442,-0.8575993872834056,-0.916448828106322,-0.9244820767933293,-1.074808290171555,-0.580621352571131,2.476015884330824,-0.2110992652445299,-0.28649867781679333,-0.8891812965009733,-0.36329253577995474,-0.12366184571561266,FOLIAGE,FOLIAGE
80,-0.6623541696491619,0.42929102309169775,0.6663877071725964,-0.438540083245885,-0.11733507404809006,-0.5230111267896635,-0.9158979462071495,-0.9032568522093495,-0.9134504444695569,-0.9244820767933293,1.3677041520992095,-0.2194222885510029,2.439359135332736,-0.2110992652445299,-0.28649867781679333,-0.9354399194767138,-0.5040191371208326,-0.12945208771408293,FOLIAGE,FOLIAGE
88,-0.2655677090272032,0.2273395904213992,0.2146226871265753,-0.3574923230209998,-0.1132659062053229,-0.5880543154930921,-0.8507815342055662,-0.7891131830458699,-0.8654763038526222,-0.9025978489122292,0.03174430798426095,0.3481762406234841,2.164864382998261,-0.2110992652445299,-0.28649867781679333,-0.8197933550985692,-0.13461174052452177,-0.12868573415361986,FOLIAGE,FOLIAGE
74,-0.7393425579476347,0.44948617272019753,0.7721199297094933,-0.438540083245885,-0.11779142880197836,-0.4835162655969132,-0.9293042638917063,-0.926085591520941,-0.9254439792864724,-0.9276083949816669,-0.41357564005405517,0.365376196053014,2.5371107592494693,-0.2110992652445299,-0.28649867781679333,-0.9585692379033773,-0.4688374899519622,-0.12877088338436724,FOLIAGE,FOLIAGE
70,-0.08198003435379503,0.32831532038826966,-0.17947022018650297,0.6498157752704922,0.1732111032084202,-0.6721559863021481,-0.6362803840295345,-0.5735084748796168,-0.6316023769466785,-0.7118924425186928,-1.601095501489565,-0.7182209960073703,0.9014322758401575,3.4831378765347436,-0.28649867781679333,-0.6013498448635108,0.6921571642575776,0.06945971271352634,FOLIAGE,FOLIAGE
200,-1.38486079160046,2.0449024208393873,0.30113087785303727,-0.12592729321158896,-0.10991930169909095,2.313442489955294,-0.6353228165029717,-0.7586748807048181,-0.46069448995167867,-0.6587450437275938,-0.42707018393400414,1.9477720955697657,0.10564382840878281,-0.2110992652445299,3.473796468528619,-0.6398987050530651,-0.04665762260234594,-0.06950609019181649,GRASS,GRASS
180,-0.8281753427864615,2.0247072984743304,-0.5831749660630074,-0.12592735573414987,-0.11377554999064877,2.6967508959774977,-0.34612933085127706,-0.4238534636383186,-0.16085612627515383,-0.439902733966041,1.0708241867403319,0.5717756612073729,-0.15042300396088765,-0.2110992652445299,-0.28649867781679333,-0.38290635775776394,-0.4512465587116566,-0.12508392412541647,GRASS,GRASS
186,-1.4085495207215641,2.004512176109273,0.3780270569996914,-0.24170978102318466,-0.10897192067266938,2.26582055676306,-0.7205487050313902,-0.8373071826788733,-0.5536443986128187,-0.7431556272157547,1.016846011220536,2.1885714715831845,0.6165400150028342,-0.2110992652445299,-0.28649867781679333,-0.7195663463609022,0.11165983398645851,-0.09883182592747733,GRASS,GRASS
209,-1.6158259938056474,2.0146097372918015,0.7048357707934664,-0.04487956841615487,-0.09813737246168851,2.03875593396296,-0.6238316700686063,-0.7815036131677902,-0.4516993749320355,-0.6024713157747803,1.3272205204593623,1.0705743686637403,0.0976003524292245,-0.2110992652445299,-0.28649867781679333,-0.6321889653961903,-0.4512466537021305,-0.12345809751297286,GRASS,GRASS
192,-1.1835064768118015,2.5093905987482716,-0.46783091361350343,0.4414070304466933,-0.09234339293144121,2.5018805312261354,-0.3633660117202545,-0.4898031605632737,-0.13087229260604674,-0.44615542042633405,1.016846011220536,1.5865730315496376,-0.010835495565182011,-0.2110992652445299,-0.28649867781679333,-0.357207125341165,-0.11702080295151789,-0.10946159801613038,GRASS,GRASS
168,0.7945035614032275,-0.9338810361070943,-0.40054665953846635,0.4877201381119412,-0.08743793049247628,-0.46865528080690905,0.34238098275743406,0.41573652242005965,0.2649143064290772,0.3291715668136522,-0.17067385021497367,1.2769738338180991,-0.5582188123698821,-0.2110992652445299,-0.28649867781679333,0.4009202425131597,0.727339197721042,-0.06266580609921632,PATH,PATH
175,0.75304825079651,-1.0348569205668057,-0.23714228966535025,0.10563782829757792,-0.09612150786024051,-0.4269503464736425,0.30886521440108916,0.38022524197981905,0.21993854243269004,0.31041361998022904,0.7199660458616586,1.0705743686637403,-0.5419094117053506,-0.2110992652445299,-0.28649867781679333,0.3649413957695806,0.21720507946258616,-0.08996613449811978,PATH,PATH
176,0.6819820421133296,-0.8531006375250069,-0.2948144456523885,0.31404628134942586,-0.09642407068009914,-0.4567813319641332,0.2743918526631345,0.33964082363926157,0.20194833937885653,0.2666451242636817,1.4081877837390564,1.2425739229590393,-0.5848332581837351,-0.2110992652445299,-0.28649867781679333,0.3238226146512976,0.7097478168591597,-0.079124948434232,PATH,PATH
157,0.5220829260020818,-0.3684171554947821,-0.4966667753365455,1.3329322741275653,0.19903329650144228,-0.6040107819294355,0.12787988429149663,0.18744919779034025,0.09700488105880203,0.08531870816897523,1.3272205204593623,0.6577754383550225,-0.5050459178159338,-0.2110992652445299,-0.28649867781679333,0.1696271276344578,-0.1697932673721251,-0.061587202030255535,PATH,PATH
178,0.5635382899084695,-0.8732956690119225,-0.08334993137204202,0.10563782829757792,-0.10832437898384725,-0.4204454953491483,0.2964165262952083,0.3421773241032223,0.22293700405741448,0.3135399069366475,-0.08970658693527982,0.9845745915160907,-0.635226049785158,-0.2110992652445299,-0.28649867781679333,0.32639251245071477,0.006114968472226617,-0.09742375664064683,PATH,PATH
158,1.1439123186044966,-1.2771985707037763,-0.6408472950664273,-0.07961431059146287,-0.10236664345990981,-0.4542365799784347,0.6334897327374898,0.7226562745818631,0.5347688364364948,0.619919123720703,-0.508037447213698,1.2597738783885692,-0.5969384794889585,-0.2110992652445299,3.473796468528619,0.7118811143462564,-0.18738461657051608,-0.11151158810593072,PATH,PATH
49,1.1794456094949313,-0.5501734385365811,-1.3905848903569706,-0.2532876880143445,-0.10334010046332037,-0.6139283440680892,2.3629050346479046,2.2547176217776204,2.4117569698440495,2.4206784182107337,-0.42707018393400414,-1.6126186783429255,-1.12938082686835,-0.2110992652445299,-0.28649867781679333,2.264114650539863,-0.22256535183083656,-0.10322556224659711,SKY,SKY
36,0.4983941542412417,-0.1967583427573704,-0.6216230988904298,0.0014331641137275098,-0.10881647251149294,-0.603023226034474,2.5649575742831967,2.3358867780609893,2.6576248323008858,2.7239316294070095,0.4230860805027812,-1.5610188120543358,-1.364405709653184,-0.2110992652445299,-0.28649867781679333,2.346352536586789,-0.36329384664849523,-0.1277490481514806,SKY,SKY
56,1.2801228228539139,-0.46939276732006846,-1.6308852663603592,-0.23013181150946388,-0.11642237932622228,-0.640860083482794,2.297788581278246,2.2115968856029617,2.351789248534929,2.3237626784558394,-0.7779283248126775,-0.8902205503026693,-1.071369793939385,-0.2110992652445299,-0.28649867781679333,2.2204261566566545,-0.08183927610391448,-0.1110595160480302,SKY,SKY
34,1.380799929613557,-0.479490419380739,-1.784677711161858,-0.36907057180215935,-0.11177329078694594,-0.646149278951393,2.272891205066484,2.2039873842110795,2.3248037955341876,2.2799940983286997,1.3946932398591074,-1.7674182772086948,-1.0308148920094302,-0.2110992652445299,-0.28649867781679333,2.212716463258403,-0.2753386395022181,-0.12021521889975405,SKY,SKY
44,2.3105831952078817,-1.5902233308747307,-2.2364425149374023,-0.4385398164829585,-0.11870413769367542,-0.5644176140362324,1.6743946951841464,1.8082892026613488,1.5901998571483356,1.57969892655927,-0.06271749917538187,-0.8386206840140796,-0.6441898924373274,-0.2110992652445299,-0.28649867781679333,1.8118082432732425,-0.504018738160842,-0.12945207966735522,SKY,SKY
143,-0.29517866040333574,0.02538818501454312,0.45492323614634544,-0.05645776717926569,-0.09931194657531901,-0.4601630055073082,-0.79715625312532,-0.7459922642413517,-0.8294957007511482,-0.8181872597966954,0.8279223969012505,-1.905017920644934,1.1616044459157708,-0.2110992652445299,-0.28649867781679333,-0.7761046761808691,-0.46883751844910443,-0.12523843922945782,WINDOW,WINDOW
148,-0.8400197180069475,0.5201691646125972,0.8682401406665823,-0.508009584269184,-0.11916049467571803,-0.46500991701437816,-0.9273890771284866,-0.9387682216816471,-0.916448828106322,-0.9151031219469481,1.1113078183801788,-0.13342251140335337,2.243855623569622,-0.2110992652445299,-0.28649867781679333,-0.9714188564246081,-0.27533838619428747,-0.12391730402953532,WINDOW,FOLIAGE
123,0.10160774691895304,-0.2068559948180406,0.03199429409384352,0.7424415946247688,-0.0712080154508283,-0.506185931800785,-0.5194538880529437,-0.4441456956373298,-0.5626395406179148,-0.5618291632883795,-0.9128737636121672,-0.580621352571131,0.23867290498051752,-0.2110992652445299,-0.28649867781679333,-0.4702837849810989,-0.06424843352138461,-0.10145431655107445,WINDOW,WINDOW
135,-1.106518067193461,0.762510878364267,1.0700925828113872,-0.5427443452012601,-0.11950276118265793,0.8595566734544131,-0.9589896897476683,-1.004717891212123,-0.9254439792864724,-0.9276083949816669,-0.022233867535534944,0.5029758394892533,-1.861716715830986,-0.2110992652445299,-0.28649867781679333,-1.0382368653336276,-0.6095641102909349,-0.13149570065724864,WINDOW,WINDOW
133,-0.05829126259295496,-0.02509971177624177,0.1185024848203055,-0.4501183174384471,-0.11434978632665917,-0.5271145497872407,-0.5855278830941179,-0.525314509489712,-0.613612092936486,-0.6243555214277581,1.1248023622601278,-1.526618901195276,0.24953572145367905,-0.2110992652445299,-0.28649867781679333,-0.5525213240883532,-0.06424837019440194,-0.0916993191717461,WINDOW,WINDOW
146,-0.28333424787308076,0.01529062383201437,0.4453111986140804,-0.43854009783448256,-0.11478494599366525,-0.4542243958472628,-0.776089165118342,-0.725700055071073,-0.8085070117856825,-0.7963030203794809,1.0978132745002298,-1.0622201045979685,0.9794469327237759,-0.2110992652445299,-0.28649867781679333,-0.7555452856217275,-0.43365584278309194,-0.122214680137894,WINDOW,WINDOW
8,-0.5557548299745565,-0.5400757864759106,1.4161253457172351,-0.25328806314971,-0.10972915563052951,0.024537571869572533,-0.5022172071839662,-0.5227780090257512,-0.577631470945195,-0.39300797942993915,-1.53362278208982,-0.25382219941006273,-0.1516441624562449,-0.2110992652445299,-0.28649867781679333,-0.5499514262889359,-0.18738417328163773,-0.11310317451268391,BRICKFACE,BRICKFACE
9,-0.23003457803577806,-0.7117344174570391,1.0508685406199694,-0.2764445648801999,-0.10699102679915994,-0.1399263316379619,-0.4083729265109648,-0.3934151384685344,-0.4966751119429697,-0.33048164942742464,-0.535026534973596,-0.3742218874167721,-0.08110566477272343,-0.2110992652445299,-0.28649867781679333,-0.418885273889278,-0.18738420494512906,-0.10186332482153065,BRICKFACE,BRICKFACE
20,-0.8873972082289575,0.0758760545418854,1.368065235913281,-0.47327485043021744,-0.11813369548347412,0.15440091554898352,-0.8134353509547064,-0.8449167639713194,-0.8414892342187911,-0.736902985774444,-1.3851827994103814,-0.11622255597382346,0.6693547130354868,-0.2110992652445299,-0.28649867781679333,-0.8686219105676941,-0.48642835469893614,-0.12902633443324435,BRICKFACE,BRICKFACE
17,-0.4787663883764139,-0.5602709088409679,1.3103931058787,-0.17224023415000778,-0.10961506591525821,-0.029799613154387245,-0.49455643427604024,-0.5050222774907008,-0.5716347096084641,-0.3961342663863577,-1.3716882555304324,-0.6494211742892506,-0.10327892240291098,-0.2110992652445299,-0.28649867781679333,-0.5319619103999003,-0.15220255144356043,-0.10731292745627057,BRICKFACE,BRICKFACE
14,-0.07013556852387007,-0.6208563668142816,0.7048357707934664,-0.04487936000761843,-0.10379654762913876,-0.2650549860710942,-0.47444697326223334,-0.4289265558811702,-0.5566427792811839,-0.439902733966041,-1.6550736770093608,-1.354619346899977,0.15154488929885135,-0.2110992652445299,-0.28649867781679333,-0.45486425940872643,0.07647837046583777,-0.07657362077111553,BRICKFACE,BRICKFACE
98,0.24966245049994593,-0.7117344174570391,0.27229484311361357,-0.21855346686037758,-0.1006729196591063,-0.3657404136908122,0.27822220033452677,0.28130067376365364,0.21993854243269004,0.33229791004379866,1.597111398058342,-0.04742273425570381,-0.7825906411685313,-0.2110992652445299,-0.28649867781679333,0.2647143176439787,0.7977022514162486,-0.03126223514740677,CEMENT,CEMENT
95,0.1845183148327183,-0.7016368562745108,0.36841504541988357,-0.010144555309749602,-0.08999180400242703,-0.34992502666803504,0.17384444417391118,0.1798396963984579,0.11199673042972301,0.2291293150074273,-1.1827646412111468,-0.76982086229596,-0.7227879658089658,-0.2110992652445299,-0.28649867781679333,0.1619174342362061,-0.2929290071323783,-0.12740848373727087,CEMENT,WINDOW
111,0.03646377115073527,-0.4391000837724827,0.35880303384007556,-0.2648662827536745,-0.11220110360283117,-0.38623739279876274,0.08861855564549274,0.08345171996118346,0.049030682423143165,0.13533986220895158,0.8414169407811994,-0.7354209514369002,-0.7851930754793383,-0.2110992652445299,-0.28649867781679333,0.06426034642726772,-0.18738442658956828,-0.11514678699603663,CEMENT,CEMENT
116,0.3977169941819292,-0.6410515800574805,-0.03528987347300259,0.499298336875052,-0.09569124612820831,-0.44225233268505215,0.19395393104276523,0.22803366178836254,0.13898218343046476,0.20724519376504152,0.2206679223035466,-1.8190181434972845,-0.6820130345287075,7.1773750183140175,3.473796468528619,0.2107459550113637,0.5690215194877983,-0.029203337330071688,CEMENT,PATH
110,0.7234371928210376,-1.0550519520537214,-0.16985812209850398,-0.21855321677013387,-0.10961506591525821,-0.41292051181056044,0.5090024897080205,0.5527089171978914,0.42682702443352777,0.5355085317914828,0.517547887662424,-0.9418204165912591,-0.6957953088088055,-0.2110992652445299,-0.28649867781679333,0.539696111440381,-0.02906655837537672,-0.08066084343875592,CEMENT,CEMENT
81,-0.6445875775036144,0.3989983122806694,0.6663877071725964,-0.1606620145460433,-0.053445324306191914,-0.4992541871962415,-0.8814245482721287,-0.8702820197269847,-0.8804682260842663,-0.8869662593773845,1.4351768714989543,0.02137708746241582,2.0768570417043266,-0.2110992652445299,-0.28649867781679333,-0.9020309173351351,0.4810673382386398,0.21251259804354147,FOLIAGE,WINDOW
63,-0.6682763492644543,0.47977887444341183,0.6279396175992694,-0.14908381578293248,-0.10156503876206312,-0.5701506966415144,-0.8833397350353485,-0.8753550777267375,-0.874471459350445,-0.8932188951913224,-1.4391609749301773,-0.6150212634301908,1.9334621281875641,-0.2110992652445299,-0.28649867781679333,-0.9071707707572484,-0.11702092960548309,-0.08637394651696204,FOLIAGE,FOLIAGE
73,-1.0117630974093745,0.7423157360060185,0.9355242822809712,-0.27644454403934626,-0.0983202751804908,-0.7634659814933424,-0.9369650187010993,-0.971743056446885,-0.904455293019552,-0.9182294401352855,-1.1962591850910957,0.3825761514825439,-0.7538638344128699,-0.2110992652445299,-0.28649867781679333,-1.0048278608791177,-0.5216099607052678,-0.12698272126017213,FOLIAGE,BRICKFACE
75,-0.45507766991524373,0.2677298624149563,0.4837592968382264,-0.40380531397746733,-0.11722098464085853,-0.5283586137068678,-0.8862125203511874,-0.8474532872640127,-0.8984585262857306,-0.911976802633136,-1.4391609749301773,-0.5634213971416011,2.2122415144358674,-0.2110992652445299,-0.28649867781679333,-0.878901605847265,-0.27533838619428747,-0.12289549238505611,FOLIAGE,FOLIAGE
78,-0.5439104707439715,0.32831532038826966,0.5702674875646884,-0.3343358212905099,-0.11585191904435464,-0.5190091527158412,-0.9063219994635273,-0.8778916055851772,-0.9134504444695569,-0.9244820767933293,-0.8858846758522693,-0.4086217982758319,2.476015884330824,-0.2110992652445299,-0.28649867781679333,-0.9097406963118393,-0.3632924882847177,-0.11242197418334143,FOLIAGE,FOLIAGE
60,-0.6919650837155255,0.6817303071137104,0.4741472593059613,-0.23013154057836652,-0.11038279250221958,-0.7559082931816095,-0.8708910081468968,-0.8677454964342913,-0.8414892342187911,-0.8963452102846049,-0.31911383289441236,-0.030222778826173906,1.8487756377076667,-0.2110992652445299,3.473796468528619,-0.8994609964064063,-0.398474157618032,-0.11210828285077712,FOLIAGE,CEMENT
196,-1.142051182194985,1.6409996100256752,0.2915188662732294,-0.1953967984030585,-0.10170490832542747,2.497978915916964,-0.5596728359356046,-0.6572138576821571,-0.4217154872920223,-0.5774607387547921,1.4621659592588523,1.517773209831518,-0.3862555378631114,-0.2110992652445299,3.473796468528619,-0.6064896867209685,0.23479566873718555,0.008491832045857618,GRASS,GRASS
183,-1.2486505218695902,2.004512176109273,0.1185024848203055,-0.09119259271798831,-0.10775161702884122,2.429095096687228,-0.5826551288043356,-0.6927252066085955,-0.4097220185894666,-0.6212292063344755,-0.2921247451345144,1.6037729869791675,0.037238454132752064,-0.2110992652445299,-0.28649867781679333,-0.5962100492646764,-0.3281108696129895,-0.116509206047242,GRASS,BRICKFACE
182,-1.38486079160046,1.9237315957709022,0.4164751638746566,0.013011758853057522,-0.09805408056231331,2.2633836022747267,-0.4514646803935025,-0.5963372073425887,-0.28079146095158264,-0.44615542042633405,-0.8723901319723203,1.0017745469456207,-0.6050118674953475,-0.2110992652445299,3.473796468528619,-0.48570328742415986,-0.08183927610391448,-0.10390690856657026,GRASS,GRASS
206,-1.2723392669805953,1.8732436989801171,0.2819068546934216,-0.2996010874515434,-0.11277152681724684,2.387500268423548,-0.6046797765813621,-0.7155539390715675,-0.44570255962439853,-0.6274818365210405,0.8279223969012505,1.6381728978382273,-0.09626125299054139,-0.2110992652445299,-0.28649867781679333,-0.6270490772801098,-0.24015673269271887,-0.11438044309164679,GRASS,WINDOW
204,-1.4085495207215641,1.822755893067474,0.5510434384526154,-0.23013154057836652,-0.10912068231730535,2.2206026809049955,-0.7693860062760635,-0.8804281197463776,-0.6226072349415822,-0.7775451157513537,1.5161441347786482,1.1737741012409197,0.4952617022183805,-0.2110992652445299,-0.28649867781679333,-0.7786745971095977,-0.29292919711332616,-0.12434305501130885,GRASS,GRASS
161,0.8004257943181898,-1.0752469835406369,-0.2755903359845818,0.2561547665125306,-0.08984186872627914,-0.4285748117938478,0.3442961695206539,0.4182730685414854,0.2529208377265217,0.34480305786947285,-0.494542903333749,0.9845745915160907,-0.5380294699192305,-0.2110992652445299,-0.28649867781679333,0.40349018657119995,-0.1346119305054697,-0.10995580090087806,PATH,PATH
173,1.1320680659732512,-1.2671010095212476,-0.6312351104702377,0.1751071876030721,-0.10209533948879843,-0.45649513313561274,0.42856454223260415,0.5400264148780874,0.32188356611347324,0.3979504988658677,1.6915732052179848,0.9157747697979711,-0.4622860596258202,3.4831378765347436,-0.28649867781679333,0.5268466224432947,-0.09942980205153128,-0.10706031998300941,PATH,PATH
150,1.2209009201016487,-1.297393602190692,-0.7465794224443143,-0.27644437731251714,-0.10816828701955795,-0.4666026394665313,0.675623789818229,0.770850239971768,0.576746273735423,0.6543085616099467,-0.521531991093647,1.2769738338180991,-0.6065877474382951,3.4831378765347436,3.473796468528619,0.7607096351214143,-0.09942980205153128,-0.09812038714506978,PATH,PATH
162,0.3681060961054662,-0.3583195034341119,-0.25636631282496597,1.8539538235742579,0.07479059051264685,-0.550557074669429,0.08670329131713149,0.1291091848871274,0.05502755170168598,0.0665608738830079,1.2057696255398216,0.6577754383550225,-0.5506192220708342,-0.2110992652445299,-0.28649867781679333,0.11051896940300814,0.5690214244973243,-0.11472095025913677,PATH,PATH
179,1.3156557406466596,-1.2570032665824356,-0.9388197405486631,-0.07961431059146287,-0.10092344840153775,-0.4931222346126047,0.6287016882642995,0.7429485065808743,0.5317704827535824,0.582403342601313,-0.521531991093647,1.2081740120999795,-0.5439205556269573,-0.2110992652445299,-0.28649867781679333,0.7324405280347095,0.4282952537799282,-0.09351148362702177,PATH,PATH
159,1.291967075485159,-1.418564518137319,-0.7465794224443143,0.05932484567745178,-0.09714599986543422,-0.4536143556376028,0.5951858940529071,0.7099736581183967,0.48079793043501123,0.566771682724308,-0.2651356573746165,1.2081740120999795,-0.5048308151524022,-0.2110992652445299,-0.28649867781679333,0.6990315097026127,0.41070387291804594,-0.0876948398552413,PATH,PATH
39,0.08384126137274535,0.5201691646125972,-0.6312351104702377,0.05932509576769553,-0.06763038409712835,-0.7575005026177138,2.749773071078851,2.439884210232681,2.921482385087949,2.924015682829636,-0.03572841141548392,-1.922217876074464,-1.4536242504970722,-0.2110992652445299,-0.28649867781679333,2.4517192715353566,-0.29292919711332616,-0.12434294672534502,SKY,SKY
31,1.7835083566521281,-0.398709839042368,-2.5151911967845946,-0.4385398164829585,-0.11591304337530346,-0.684633562653968,1.9003869400844489,1.9325790951193762,1.9440092617536096,1.7954148368169487,0.23416246618349557,-1.543818856624806,-0.7717908159048126,-0.2110992652445299,-0.28649867781679333,1.9377346232033772,-0.4512470589948194,-0.11715853213873667,SKY,SKY
52,1.588076429347475,-0.42900252258995397,-2.1691584338787466,-0.28802270112074985,-0.11210895966735407,-0.6700696782835326,1.9693338186906417,1.9655538294381918,2.012971909184202,1.9079622927225754,-0.17067385021497367,-1.5954187229133956,-0.8702924399060468,-0.2110992652445299,-0.28649867781679333,1.9711435258889167,-0.4336552886719939,-0.12523846405936034,SKY,SKY
51,0.8596475904711154,-0.2775390139738827,-1.1310603181775847,-0.41538392122130957,-0.11611809394798706,-0.6337911070850547,2.529526334758113,2.3561790100600004,2.61264871749361,2.6301416138712543,0.7334605897416075,-0.3742218874167721,-1.241012598976501,-0.2110992652445299,-0.28649867781679333,2.3669119502752425,-0.46883640389421005,-0.12263999866553169,SKY,SKY
53,1.6828312498924856,-0.6006612444492242,-2.1595464222989387,-0.26486682461586913,-0.11006713398775013,-0.650918083764952,1.8534649419507077,1.8767754000502648,1.8750464254248456,1.7829095764438183,-0.2921247451345144,-1.0106202383093787,-0.8200884459798546,-0.2110992652445299,-0.28649867781679333,1.881196177736853,-0.398474157618032,-0.11542051368084352,SKY,SKY
129,-0.5261438785984239,0.23743717886737026,0.6279396175992694,-0.43854006448911675,-0.11596600978642517,-0.45376460521305034,-0.8201385097969849,-0.7992592990453755,-0.8324940868166043,-0.8244398927969467,-0.9533573952520141,0.176176686328185,0.9116182007414537,-0.2110992652445299,-0.28649867781679333,-0.8300730619427957,-0.11702086627850049,-0.10833474921663601,WINDOW,WINDOW
147,0.24966245049994593,-0.31792925870399735,-0.10257395453165788,-0.32275756834117963,-0.11064187027230223,-0.5111538509684904,-0.5864854764757278,-0.48219354502772893,-0.6435958996201401,-0.6493660703108822,1.5431332225385461,-0.5118215308530114,0.676417074535003,-0.2110992652445299,-0.28649867781679333,-0.50883259891203,0.48106711659420065,0.178793038624289,WINDOW,WINDOW
145,-0.9406968674063263,0.5908521746806251,0.9643603516236712,-0.41538357526313907,-0.11218861022864457,-0.4278611423422231,-0.9398378040169384,-0.9641334774373121,-0.9224455956497071,-0.9182294401352855,1.7185622929778828,0.24497650804630464,1.4374038904793554,-0.2110992652445299,-0.28649867781679333,-0.9971180888412069,-0.3281108696129895,-0.118981176882041,WINDOW,FOLIAGE
130,0.16675188258618048,-0.21695355600056918,-0.06412590821242631,-0.49643131464717066,-0.11773530457252611,-0.5261718186695894,-0.4696589804991369,-0.390878615175841,-0.5116670422702498,-0.5180607238455601,0.43658062438273015,-0.6494211742892506,0.1574526905509835,-0.2110992652445299,-0.28649867781679333,-0.4163153529605491,-0.2225658584466976,-0.10295819477571745,WINDOW,WINDOW
127,-0.6031322668968968,0.1364614489004998,0.8490160915545093,-0.26486626191282087,-0.10651466486241057,-0.262190368578638,-0.76172525663768,-0.7586748807048181,-0.7815215587849408,-0.736902985774444,0.9628678357007402,-0.47742161999395155,0.39297202793698127,-0.2110992652445299,-0.28649867781679333,-0.7889542808245128,-0.06424849684836714,-0.10565842828396722,WINDOW,WINDOW
